"","locus","F1","F2","F3","F4","F5","F6","F7","F8"
"qtl1",209,-0.173860718322898,-0.0151521932873539,0.14494578562167,-0.409367523523172,0.0458586729242674,-0.281164432428209,-0.0584752814804254,-0.0729579164058947
"qtl2",602,-0.472840781460212,-0.0951053100791022,-0.0629085131304381,0.352277704267797,0.0521031924900836,0.161313492760094,-0.073546140735037,0.30253544799052
"qtl3",1313,0.209922956679302,-0.181143476400239,-0.397694913350643,-0.413523788487997,0.390929448573288,-0.422404719680819,-0.0889264506348928,-0.173545976583844
"qtl4",1348,-0.294074856772168,0.116451028892241,0.579504526895824,0.0666449344770299,-0.111486928569288,0.17189860100734,-0.443451986085785,0.26714226720192
"qtl5",1564,0.549461098143682,0.112890046551287,0.59521470209147,0.265806285609121,-0.130166667009967,0.161379408865936,-0.43023737943368,-0.264840669382288
"qtl6",1641,-0.287139677082468,0.224816594007717,-0.0273675813157875,0.103723611288723,-0.123135296570075,-0.227002989471023,0.808508060505234,0.0614987238263261
"qtl7",1994,-0.252093777767155,-0.04169168133192,0.042029896618759,-0.0830691125667229,0.0279470925921735,0.346282593189,-0.201775229962581,0.132365862583596
